date,number,population,real_gdp,gdp_per_head,population_million,real_gdp_million
1270,1000000,4.364903153,16.59758284,3.802508843,4364903.153,16597582.84
1271,1000000,4.37175053,18.09287608,4.13858841,4371750.53,18092876.08
1272,1000000,4.378608649,18.06960552,4.126791629,4378608.649,18069605.52
1273,1000000,4.385477527,17.06314852,3.890830227,4385477.527,17063148.52
1274,1000000,4.39235718,18.17501699,4.137873185,4392357.18,18175016.99
1275,1000000,4.399247626,18.54839426,4.216265106,4399247.626,18548394.26
1276,1000000,4.406148881,17.11008041,3.883227932,4406148.881,17110080.41
1277,1000000,4.413060962,18.95039986,4.294162267,4413060.962,18950399.86
1278,1000000,4.419983886,17.50464427,3.960341195,4419983.886,17504644.27
1279,1000000,4.426917671,16.59214212,3.748012353,4426917.671,16592142.12
1280,1000000,4.455484393,17.62680988,3.956205056,4455484.393,17626809.88
1281,1000000,4.484235455,16.64416238,3.711705718,4484235.455,16644162.38
1282,1000000,4.513172047,18.32704589,4.060790438,4513172.047,18327045.89
1283,1000000,4.542295366,18.34095502,4.037816465,4542295.366,18340955.02
1284,1000000,4.571606616,17.82897262,3.899935868,4571606.616,17828972.62
1285,1000000,4.60110701,15.34153565,3.334314029,4601107.01,15341535.65
1286,1000000,4.630797769,16.46055939,3.554583942,4630797.769,16460559.39
1287,1000000,4.660680122,16.03633882,3.440772247,4660680.122,16036338.82
1288,1000000,4.690755304,14.15815238,3.01830973,4690755.304,14158152.38
1289,1000000,4.72102456,15.0467652,3.187182149,4721024.56,15046765.2
1290,1000000,4.751489143,15.51096124,3.26444211,4751489.143,15510961.24
1291,1000000,4.748977115,17.33149889,3.649522511,4748977.115,17331498.89
1292,1000000,4.746466416,16.97410045,3.576155177,4746466.416,16974100.45
1293,1000000,4.743957044,16.6752646,3.515053877,4743957.044,16675264.6
1294,1000000,4.741448999,18.6387641,3.931027014,4741448.999,18638764.1
1295,1000000,4.73894228,19.40232541,4.094231215,4738942.28,19402325.41
1296,1000000,4.736436886,19.20306572,4.054327374,4736436.886,19203065.72
1297,1000000,4.733932816,15.99819466,3.379472266,4733932.816,15998194.66
1298,1000000,4.73143007,18.26388451,3.860119296,4731430.07,18263884.51
1299,1000000,4.728928648,19.24880677,4.070437133,4728928.648,19248806.77
1300,1000000,4.726428548,19.3490164,4.093792215,4726428.548,19349016.4
1301,1000000,4.72392977,18.5508612,3.92699767,4723929.77,18550861.2
1302,1000000,4.721432313,18.43022226,3.903523559,4721432.313,18430222.26
1303,1000000,4.718936176,17.6513731,3.740540757,4718936.176,17651373.1
1304,1000000,4.716441359,17.8380217,3.782093392,4716441.359,17838021.7
1305,1000000,4.71394786,19.11615676,4.055232965,4713947.86,19116156.76
1306,1000000,4.711455681,18.93212367,4.018317258,4711455.681,18932123.67
1307,1000000,4.708964818,18.7431833,3.980319247,4708964.818,18743183.3
1308,1000000,4.706475273,19.38807788,4.119447518,4706475.273,19388077.88
1309,1000000,4.703987043,21.48411725,4.567214377,4703987.043,21484117.25
1310,1000000,4.70150013,22.27734385,4.738348024,4701500.13,22277343.85
1311,1000000,4.699014531,21.91138421,4.662974346,4699014.531,21911384.21
1312,1000000,4.696530246,19.41001437,4.132841343,4696530.246,19410014.37
1313,1000000,4.694047274,19.60899854,4.177418205,4694047.274,19608998.54
1314,1000000,4.691565615,20.72656211,4.417834858,4691565.615,20726562.11
1315,1000000,4.689085268,21.82263635,4.653921843,4689085.268,21822636.35
1316,1000000,4.628291969,30.67720624,6.628191662,4628291.969,30677206.24
1317,1000000,4.568286846,29.48275093,6.453787146,4568286.846,29482750.93
1318,1000000,4.509059681,22.26792479,4.938485264,4509059.681,22267924.79
1319,1000000,4.450600387,18.58276494,4.175338903,4450600.387,18582764.94
1320,1000000,4.392899009,20.55338434,4.678774609,4392899.009,20553384.34
1321,1000000,4.335945721,21.09499872,4.865143633,4335945.721,21094998.72
1322,1000000,4.279730824,26.30357204,6.146080938,4279730.824,26303572.04
1323,1000000,4.224244745,23.16866486,5.484688093,4224244.745,23168664.86
1324,1000000,4.169478035,21.2160118,5.088409538,4169478.035,21216011.8
1325,1000000,4.115421367,24.12010887,5.860908693,4115421.367,24120108.87
1326,1000000,4.143572347,21.55577376,5.202219716,4143572.347,21555773.76
1327,1000000,4.171915891,17.23958506,4.132294493,4171915.891,17239585.06
1328,1000000,4.200453314,18.32322218,4.362201126,4200453.314,18323222.18
1329,1000000,4.229185944,19.40263458,4.587794161,4229185.944,19402634.58
1330,1000000,4.258115116,20.32010619,4.772089442,4258115.116,20320106.19
1331,1000000,4.287242174,22.02757918,5.137936763,4287242.174,22027579.18
1332,1000000,4.316568471,22.19743002,5.14237876,4316568.471,22197430.02
1333,1000000,4.346095371,18.49828512,4.25629986,4346095.371,18498285.12
1334,1000000,4.375824245,17.46917112,3.992201273,4375824.245,17469171.12
1335,1000000,4.405756476,17.41342859,3.952426486,4405756.476,17413428.59
1336,1000000,4.435893455,18.12145305,4.085186723,4435893.455,18121453.05
1337,1000000,4.466236581,16.69027458,3.736988463,4466236.581,16690274.58
1338,1000000,4.496787265,16.4530334,3.658841841,4496787.265,16453033.4
1339,1000000,4.527546927,15.12332662,3.340291522,4527546.927,15123326.62
1340,1000000,4.558516997,18.74311977,4.111670481,4558516.997,18743119.77
1341,1000000,4.589698913,17.42647345,3.796866371,4589698.913,17426473.45
1342,1000000,4.621094124,16.82692069,3.641328273,4621094.124,16826920.69
1343,1000000,4.65270409,16.5043711,3.547264297,4652704.09,16504371.1
1344,1000000,4.68453028,18.3079149,3.908164492,4684530.28,18307914.9
1345,1000000,4.716574173,17.29772719,3.667434573,4716574.173,17297727.19
1346,1000000,4.748837257,17.3648225,3.656647209,4748837.257,17364822.5
1347,1000000,4.781321033,19.20252941,4.016155635,4781321.033,19202529.41
1348,1000000,4.81402701,19.21281227,3.99100633,4814027.01,19212812.27
1349,1000000,3.92210118,16.19722222,4.129730846,3922101.18,16197222.22
1350,1000000,3.1954282,19.49806618,6.101863337,3195428.2,19498066.18
1351,1000000,2.60339061,22.78180668,8.75082156,2603390.61,22781806.68
1352,1000000,2.599336092,24.62911326,9.475155345,2599336.092,24629113.26
1353,1000000,2.595287888,21.64902744,8.341667044,2595287.888,21649027.44
1354,1000000,2.591245988,21.22371397,8.190543881,2591245.988,21223713.97
1355,1000000,2.587210384,20.8080127,8.042644242,2587210.384,20808012.7
1356,1000000,2.583181064,21.89917188,8.477598488,2583181.064,21899171.88
1357,1000000,2.57915802,23.02576954,8.927630399,2579158.02,23025769.54
1358,1000000,2.575141241,22.28501935,8.653901773,2575141.241,22285019.35
1359,1000000,2.571130718,22.10969218,8.599209687,2571130.718,22109692.18
1360,1000000,2.567126441,22.61437323,8.809216746,2567126.441,22614373.23
1361,1000000,2.5631284,23.09691397,9.011220025,2563128.4,23096913.97
1362,1000000,2.559136586,22.46911388,8.779958836,2559136.586,22469113.88
1363,1000000,2.555150989,24.1571538,9.454296011,2555150.989,24157153.8
1364,1000000,2.551171599,24.77953782,9.713003169,2551171.599,24779537.82
1365,1000000,2.547198406,23.75010894,9.324012172,2547198.406,23750108.94
1366,1000000,2.543231401,22.53060466,8.859046272,2543231.401,22530604.66
1367,1000000,2.539270574,23.73155753,9.345816776,2539270.574,23731557.53
1368,1000000,2.535315916,23.24868046,9.169934332,2535315.916,23248680.46
1369,1000000,2.531367417,24.09996855,9.520533599,2531367.417,24099968.55
1370,1000000,2.527425068,33.1091457,13.09995146,2527425.068,33109145.7
1371,1000000,2.523488858,24.40200075,9.669945909,2523488.858,24402000.75
1372,1000000,2.519558778,23.37333365,9.276756651,2519558.778,23373333.65
1373,1000000,2.515634819,24.98157226,9.930524125,2515634.819,24981572.26
1374,1000000,2.511716971,22.05697126,8.781630859,2511716.971,22056971.26
1375,1000000,2.507805225,24.37850674,9.721052695,2507805.225,24378506.74
1376,1000000,2.503899571,24.37937715,9.73656349,2503899.571,24379377.15
1377,1000000,2.5,21.80179844,8.720719375,2500000,21801798.44
1378,1000000,2.480214237,20.30182291,8.185511805,2480214.237,20301822.91
1379,1000000,2.460585064,21.29402765,8.654050599,2460585.064,21294027.65
1380,1000000,2.441111242,21.07688615,8.634135872,2441111.242,21076886.15
1381,1000000,2.421791543,21.31836596,8.802725414,2421791.543,21318365.96
1382,1000000,2.402624745,20.52557394,8.5429795,2402624.745,20525573.94
1383,1000000,2.383609639,20.45872144,8.583083868,2383609.639,20458721.44
1384,1000000,2.364745025,21.62185396,9.143418736,2364745.025,21621853.96
1385,1000000,2.34602971,20.56776181,8.767050869,2346029.71,20567761.81
1386,1000000,2.327462515,20.16832264,8.66536948,2327462.515,20168322.64
1387,1000000,2.309042266,19.09671,8.270402965,2309042.266,19096710
1388,1000000,2.2907678,17.63395905,7.697837837,2290767.8,17633959.05
1389,1000000,2.272637965,17.81572895,7.839228783,2272637.965,17815728.95
1390,1000000,2.254651614,20.88312084,9.262238438,2254651.614,20883120.84
1391,1000000,2.236807613,23.13689867,10.3437142,2236807.613,23136898.67
1392,1000000,2.219104834,19.60649232,8.835315945,2219104.834,19606492.32
1393,1000000,2.201542161,18.64235685,8.467862748,2201542.161,18642356.85
1394,1000000,2.184118484,18.73472013,8.57770321,2184118.484,18734720.13
1395,1000000,2.166832703,19.52118718,9.00908831,2166832.703,19521187.18
1396,1000000,2.149683728,19.08633743,8.87867233,2149683.728,19086337.43
1397,1000000,2.132670474,20.45294609,9.59029833,2132670.474,20452946.09
1398,1000000,2.115791869,21.66562945,10.23996253,2115791.869,21665629.45
1399,1000000,2.099046846,21.04181631,10.02446246,2099046.846,21041816.31
1400,1000000,2.082434349,21.78283272,10.46027345,2082434.349,21782832.72
1401,1000000,2.080298342,23.09101868,11.09985919,2080298.342,23091018.68
1402,1000000,2.078164527,23.1193949,11.12491075,2078164.527,23119394.9
1403,1000000,2.076032901,24.340453,11.72450253,2076032.901,24340453
1404,1000000,2.073903461,21.46801003,10.35149921,2073903.461,21468010.03
1405,1000000,2.071776205,21.69327096,10.47085631,2071776.205,21693270.96
1406,1000000,2.069651131,21.51399184,10.3949847,2069651.131,21513991.84
1407,1000000,2.067528237,20.43791959,9.8851949,2067528.237,20437919.59
1408,1000000,2.065407521,22.05318205,10.6773999,2065407.521,22053182.05
1409,1000000,2.06328898,24.74674086,11.99383174,2063288.98,24746740.86
1410,1000000,2.061172611,25.00205917,12.13001717,2061172.611,25002059.17
1411,1000000,2.059058414,24.12878623,11.71835926,2059058.414,24128786.23
1412,1000000,2.056946385,20.91839249,10.16963429,2056946.385,20918392.49
1413,1000000,2.054836523,21.57318747,10.49873663,2054836.523,21573187.47
1414,1000000,2.052728824,20.9186511,10.19065492,2052728.824,20918651.1
1415,1000000,2.050623288,22.216496,10.83402112,2050623.288,22216496
1416,1000000,2.048519911,22.70980367,11.08595701,2048519.911,22709803.67
1417,1000000,2.046418692,23.53076411,11.49850918,2046418.692,23530764.11
1418,1000000,2.044319628,21.57939231,10.55578199,2044319.628,21579392.31
1419,1000000,2.042222717,22.65346751,11.09255485,2042222.717,22653467.51
1420,1000000,2.040127957,21.10861915,10.34671334,2040127.957,21108619.15
1421,1000000,2.038035346,23.07499144,11.32217431,2038035.346,23074991.44
1422,1000000,2.035944881,20.70942924,10.17190074,2035944.881,20709429.24
1423,1000000,2.03385656,21.11915793,10.38379911,2033856.56,21119157.93
1424,1000000,2.031770382,21.50626032,10.58498564,2031770.382,21506260.32
1425,1000000,2.029686343,21.16570618,10.4280675,2029686.343,21165706.18
1426,1000000,2.027604442,24.18829776,11.92949535,2027604.442,24188297.76
1427,1000000,2.025524676,23.27507342,11.49088614,2025524.676,23275073.42
1428,1000000,2.023447044,24.16913326,11.94453462,2023447.044,24169133.26
1429,1000000,2.021371542,27.14936807,13.43116171,2021371.542,27149368.07
1430,1000000,2.01929817,26.35789046,13.05299576,2019298.17,26357890.46
1431,1000000,2.01337393,20.12907868,9.997685167,2013373.93,20129078.68
1432,1000000,2.007467071,21.3298655,10.62526295,2007467.071,21329865.5
1433,1000000,2.001577542,23.56126107,11.77134564,2001577.542,23561261.07
1434,1000000,1.995705291,22.06663801,11.05706244,1995705.291,22066638.01
1435,1000000,1.989850268,20.93869966,10.52275138,1989850.268,20938699.66
1436,1000000,1.984012423,20.75159536,10.45940797,1984012.423,20751595.36
1437,1000000,1.978191705,20.62507316,10.42622568,1978191.705,20625073.16
1438,1000000,1.972388064,25.47441579,12.91551914,1972388.064,25474415.79
1439,1000000,1.96660145,28.36998907,14.42589655,1966601.45,28369989.07
1440,1000000,1.960831813,23.11154741,11.78660366,1960831.813,23111547.41
1441,1000000,1.955079102,18.92736411,9.681124459,1955079.102,18927364.11
1442,1000000,1.949343269,19.76033512,10.13691915,1949343.269,19760335.12
1443,1000000,1.943624264,19.53516889,10.05089782,1943624.264,19535168.89
1444,1000000,1.937922037,18.93471801,9.770629391,1937922.037,18934718.01
1445,1000000,1.93223654,19.01062392,9.838662879,1932236.54,19010623.92
1446,1000000,1.926567722,20.63499648,10.71075584,1926567.722,20634996.48
1447,1000000,1.920915536,22.43404126,11.67882754,1920915.536,22434041.26
1448,1000000,1.915279933,21.75140662,11.35677675,1915279.933,21751406.62
1449,1000000,1.909660863,21.56610761,11.29316102,1909660.863,21566107.61
1450,1000000,1.904058278,20.30818334,10.66573622,1904058.278,20308183.34
1451,1000000,1.909631234,19.62773434,10.27828514,1909631.234,19627734.34
1452,1000000,1.915220502,19.67697133,10.27399785,1915220.502,19676971.33
1453,1000000,1.920826128,19.5720472,10.18939034,1920826.128,19572047.2
1454,1000000,1.926448162,19.63613064,10.1929193,1926448.162,19636130.64
1455,1000000,1.93208665,18.88140717,9.77254678,1932086.65,18881407.17
1456,1000000,1.937741642,20.76363722,10.71537958,1937741.642,20763637.22
1457,1000000,1.943413185,19.34811682,9.955740223,1943413.185,19348116.82
1458,1000000,1.949101328,20.43107627,10.48230586,1949101.328,20431076.27
1459,1000000,1.95480612,20.30082392,10.38508306,1954806.12,20300823.92
1460,1000000,1.960527609,21.08249022,10.75347785,1960527.609,21082490.22
1461,1000000,1.966265844,21.47300017,10.92070039,1966265.844,21473000.17
1462,1000000,1.972020875,22.53779076,11.428779,1972020.875,22537790.76
1463,1000000,1.977792749,18.76088206,9.485767438,1977792.749,18760882.06
1464,1000000,1.983581517,18.92273974,9.539683434,1983581.517,18922739.74
1465,1000000,1.989387228,20.42892643,10.26895425,1989387.228,20428926.43
1466,1000000,1.995209932,20.36914342,10.20902266,1995209.932,20369143.42
1467,1000000,2.001049679,22.15872451,11.07355042,2001049.679,22158724.51
1468,1000000,2.006906517,21.2181953,10.57258777,2006906.517,21218195.3
1469,1000000,2.012780498,21.19104554,10.52824467,2012780.498,21191045.54
1470,1000000,2.018671671,23.22162341,11.50341769,2018671.671,23221623.41
1471,1000000,2.024580087,23.28002307,11.49869211,2024580.087,23280023.07
1472,1000000,2.030505796,20.28623135,9.990728118,2030505.796,20286231.35
1473,1000000,2.036448849,19.63673287,9.64263496,2036448.849,19636732.87
1474,1000000,2.042409297,21.0929685,10.32749339,2042409.297,21092968.5
1475,1000000,2.04838719,18.56564477,9.063542703,2048387.19,18565644.77
1476,1000000,2.05438258,21.05599686,10.24930656,2054382.58,21055996.86
1477,1000000,2.060395518,19.93395386,9.674819076,2060395.518,19933953.86
1478,1000000,2.066426054,22.02523965,10.65861496,2066426.054,22025239.65
1479,1000000,2.072474242,21.57977872,10.41256788,2072474.242,21579778.72
1480,1000000,2.078540132,20.63253569,9.926455294,2078540.132,20632535.69
1481,1000000,2.084623776,21.7656661,10.44105241,2084623.776,21765666.1
1482,1000000,2.090725226,22.77695653,10.89428503,2090725.226,22776956.53
1483,1000000,2.096844534,23.43214519,11.1749559,2096844.534,23432145.19
1484,1000000,2.102981753,21.70344122,10.32031837,2102981.753,21703441.22
1485,1000000,2.109136935,20.8463132,9.883812119,2109136.935,20846313.2
1486,1000000,2.115310132,20.09318935,9.498933064,2115310.132,20093189.35
1487,1000000,2.121501397,20.92267315,9.862200973,2121501.397,20922673.15
1488,1000000,2.127710784,20.17138489,9.480322721,2127710.784,20171384.89
1489,1000000,2.133938345,20.20884759,9.470211563,2133938.345,20208847.59
1490,1000000,2.140184133,20.29881348,9.484610771,2140184.133,20298813.48
1491,1000000,2.146448201,21.32055006,9.932944127,2146448.201,21320550.06
1492,1000000,2.152730604,23.3381863,10.84120152,2152730.604,23338186.3
1493,1000000,2.159031395,23.58060111,10.92184262,2159031.395,23580601.11
1494,1000000,2.165350628,20.54899915,9.489917656,2165350.628,20548999.15
1495,1000000,2.171688356,20.78377744,9.570331482,2171688.356,20783777.44
1496,1000000,2.178044634,19.48837215,8.947645904,2178044.634,19488372.15
1497,1000000,2.184419516,21.96069146,10.05333055,2184419.516,21960691.46
1498,1000000,2.190813056,21.08113906,9.622518454,2190813.056,21081139.06
1499,1000000,2.19722531,20.77696001,9.455998851,2197225.31,20776960.01
1500,1000000,2.203656332,19.89827258,9.029662336,2203656.332,19898272.58
1501,1000000,2.210106176,21.5169485,9.735708054,2210106.176,21516948.5
1502,1000000,2.216574899,21.86229602,9.863098257,2216574.899,21862296.02
1503,1000000,2.223062554,21.27349371,9.569453488,2223062.554,21273493.71
1504,1000000,2.229569198,20.98939323,9.414102619,2229569.198,20989393.23
1505,1000000,2.236094887,20.56610958,9.197333127,2236094.887,20566109.58
1506,1000000,2.242639675,20.40667208,9.099398496,2242639.675,20406672.08
1507,1000000,2.249203619,20.45565668,9.094621985,2249203.619,20455656.68
1508,1000000,2.255786775,19.93306418,8.836413263,2255786.775,19933064.18
1509,1000000,2.262389199,19.65666626,8.688454784,2262389.199,19656666.26
1510,1000000,2.269010948,19.27036075,8.492846087,2269010.948,19270360.75
1511,1000000,2.275652078,19.07435754,8.381930493,2275652.078,19074357.54
1512,1000000,2.282312645,20.32789144,8.906707622,2282312.645,20327891.44
1513,1000000,2.288992708,23.26329397,10.16311406,2288992.708,23263293.97
1514,1000000,2.295692322,21.38499968,9.315272556,2295692.322,21384999.68
1515,1000000,2.302411545,21.00648845,9.123689678,2302411.545,21006488.45
1516,1000000,2.309150434,22.61409071,9.793251393,2309150.434,22614090.71
1517,1000000,2.315909048,20.31587611,8.772311731,2315909.048,20315876.11
1518,1000000,2.322687443,21.40090684,9.213855658,2322687.443,21400906.84
1519,1000000,2.329485677,21.89778543,9.400266181,2329485.677,21897785.43
1520,1000000,2.336303809,24.99072255,10.69669212,2336303.809,24990722.55
1521,1000000,2.343141898,25.29864017,10.7968878,2343141.898,25298640.17
1522,1000000,2.35,23.51168673,10.00497307,2350000,23511686.73
1523,1000000,2.373924051,23.74198478,10.00115601,2373924.051,23741984.78
1524,1000000,2.398091659,22.61940019,9.432250057,2398091.659,22619400.19
1525,1000000,2.422505304,21.85159129,9.020244973,2422505.304,21851591.29
1526,1000000,2.447167491,21.01671081,8.588178327,2447167.491,21016710.81
1527,1000000,2.47208075,23.53005332,9.518319057,2472080.75,23530053.32
1528,1000000,2.497247638,32.40570688,12.97656924,2497247.638,32405706.88
1529,1000000,2.522670735,25.8995399,10.26671437,2522670.735,25899539.9
1530,1000000,2.548352651,26.4889035,10.39452036,2548352.651,26488903.5
1531,1000000,2.57429602,24.91507609,9.678403686,2574296.02,24915076.09
1532,1000000,2.600503505,25.64294023,9.860759728,2600503.505,25642940.23
1533,1000000,2.626977793,26.51610493,10.09376821,2626977.793,26516104.93
1534,1000000,2.653721601,24.64445445,9.286752023,2653721.601,24644454.45
1535,1000000,2.680737674,25.74734706,9.60457538,2680737.674,25747347.06
1536,1000000,2.708028782,27.10978386,10.01089207,2708028.782,27109783.86
1537,1000000,2.735597726,27.03300892,9.881938658,2735597.726,27033008.92
1538,1000000,2.763447333,23.78994222,8.60879161,2763447.333,23789942.22
1539,1000000,2.791580463,22.72810557,8.141662355,2791580.463,22728105.57
1540,1000000,2.82,23.04812257,8.17309311,2820000,23048122.57
1541,1000000,2.830458,26.08124525,9.214496471,2830458,26081245.25
1542,1000000,2.867727,25.33002704,8.83278884,2867727,25330027.04
1543,1000000,2.884361,27.53179979,9.54519902,2884361,27531799.79
1544,1000000,2.916003,30.1429781,10.33708748,2916003,30142978.1
1545,1000000,2.911613,29.98028911,10.29679738,2911613,29980289.11
1546,1000000,2.908466,34.01358081,11.69468057,2908466,34013580.81
1547,1000000,2.91044,25.78373908,8.859051924,2910440,25783739.08
1548,1000000,2.951903,26.21103391,8.879368296,2951903,26211033.91
1549,1000000,2.98118,32.47462359,10.89321127,2981180,32474623.59
1550,1000000,3.020841,39.58624018,13.10437729,3020841,39586240.18
1551,1000000,3.065168,45.61810851,14.8827433,3065168,45618108.51
1552,1000000,3.087215,39.05282644,12.6498564,3087215,39052826.44
1553,1000000,3.110592,35.79470079,11.50735962,3110592,35794700.79
1554,1000000,3.137961,35.29119912,11.24653847,3137961,35291199.12
1555,1000000,3.161626,40.74104532,12.88610523,3161626,40741045.32
1556,1000000,3.212505,48.85046316,15.20634619,3212505,48850463.16
1557,1000000,3.204974,54.75341472,17.08388733,3204974,54753414.72
1558,1000000,3.133757,38.85120342,12.39764392,3133757,38851203.42
1559,1000000,3.036742,39.10919831,12.87867007,3036742,39109198.31
1560,1000000,3.015219,43.33427886,14.37185122,3015219,43334278.86
1561,1000000,3.035688,46.03719108,15.16532367,3035688,46037191.08
1562,1000000,3.069343,45.67418658,14.88076979,3069343,45674186.58
1563,1000000,3.099546,46.71628357,15.07197621,3099546,46716283.57
1564,1000000,3.110707,47.35483178,15.22317331,3110707,47354831.78
1565,1000000,3.149204,42.87511684,13.61458859,3149204,42875116.84
1566,1000000,3.173513,44.34283843,13.97279243,3173513,44342838.43
1567,1000000,3.208378,44.77403245,13.95534829,3208378,44774032.45
1568,1000000,3.252345,45.17548331,13.89012645,3252345,45175483.31
1569,1000000,3.274741,45.1431738,13.7852654,3274741,45143173.8
1570,1000000,3.296204,44.77408543,13.58352985,3296204,44774085.43
1571,1000000,3.310219,42.22669246,12.75646489,3310219,42226692.46
1572,1000000,3.341349,46.372703,13.87843742,3341349,46372703
1573,1000000,3.360591,49.70276167,14.78988716,3360591,49702761.67
1574,1000000,3.380804,54.50754565,16.1226577,3380804,54507545.65
1575,1000000,3.413301,48.1356277,14.10236826,3413301,48135627.7
1576,1000000,3.447945,49.11299235,14.24413451,3447945,49112992.35
1577,1000000,3.490202,50.36334162,14.42992171,3490202,50363341.62
1578,1000000,3.527355,49.13763848,13.93044887,3527355,49137638.48
1579,1000000,3.560316,46.93814373,13.1837016,3560316,46938143.73
1580,1000000,3.602085,50.03711212,13.89115252,3602085,50037112.12
1581,1000000,3.631441,53.92832801,14.85039355,3631441,53928328.01
1582,1000000,3.671239,52.52328339,14.30669139,3671239,52523283.39
1583,1000000,3.721513,53.00278528,14.24226794,3721513,53002785.28
1584,1000000,3.768244,51.51703792,13.67136468,3768244,51517037.92
1585,1000000,3.797796,52.95646868,13.94400033,3797796,52956468.68
1586,1000000,3.840647,58.45098209,15.21904567,3840647,58450982.09
1587,1000000,3.859383,56.80359818,14.71831072,3859383,56803598.18
1588,1000000,3.846636,52.52516307,13.65483063,3846636,52525163.07
1589,1000000,3.885426,54.20823258,13.95168318,3885426,54208232.58
1590,1000000,3.93426,58.99051597,14.99405631,3934260,58990515.97
1591,1000000,3.937845,60.41445826,15.34201023,3937845,60414458.26
1592,1000000,3.945029,55.71053643,14.12170517,3945029,55710536.43
1593,1000000,3.943129,56.96389312,14.44636813,3943129,56963893.12
1594,1000000,3.979088,60.91265729,15.30819557,3979088,60912657.29
1595,1000000,4.028223,68.27100662,16.94816961,4028223,68271006.62
1596,1000000,4.056574,72.77519062,17.94006238,4056574,72775190.62
1597,1000000,4.054783,79.28080884,19.55241719,4054783,79280808.84
1598,1000000,4.028631,70.5736446,17.51802153,4028631,70573644.6
1599,1000000,4.065427,62.53406102,15.38191708,4065427,62534061.02
1600,1000000,4.114891,65.04696002,15.80769941,4114891,65046960.02
1601,1000000,4.161785,64.9351815,15.60272371,4161785,64935181.5
1602,1000000,4.187655,65.81018915,15.71528437,4187655,65810189.15
1603,1000000,4.209409,61.75660874,14.67108773,4209409,61756608.74
1604,1000000,4.219477,64.25361819,15.22786312,4219477,64253618.19
1605,1000000,4.270233,65.63280428,15.36984148,4270233,65632804.28
1606,1000000,4.31042,69.46832668,16.11637072,4310420,69468326.68
1607,1000000,4.361009,68.80348135,15.77696385,4361009,68803481.35
1608,1000000,4.398228,77.5441117,17.63076214,4398228,77544111.7
1609,1000000,4.435392,76.78415113,17.31169446,4435392,76784151.13
1610,1000000,4.449135,71.53803327,16.07908802,4449135,71538033.27
1611,1000000,4.47631,70.85818725,15.82959787,4476310,70858187.25
1612,1000000,4.49831,74.74754974,16.61680714,4498310,74747549.74
1613,1000000,4.518285,77.25374214,17.09802329,4518285,77253742.14
1614,1000000,4.518328,78.28653512,17.32643914,4518328,78286535.12
1615,1000000,4.55311,75.08765916,16.49151001,4553110,75087659.16
1616,1000000,4.568412,76.3327852,16.7088225,4568412,76332785.2
1617,1000000,4.573625,77.31279956,16.90405303,4573625,77312799.56
1618,1000000,4.602855,77.66345098,16.87288671,4602855,77663450.98
1619,1000000,4.645663,73.92680943,15.91308053,4645663,73926809.43
1620,1000000,4.68869,70.06512154,14.94343229,4688690,70065121.54
1621,1000000,4.744972,70.99526063,14.96220855,4744972,70995260.63
1622,1000000,4.829012,78.87919561,16.33443769,4829012,78879195.61
1623,1000000,4.859479,77.03717057,15.85296913,4859479,77037170.57
1624,1000000,4.829546,75.19002564,15.56875649,4829546,75190025.64
1625,1000000,4.821584,78.0608292,16.18987229,4821584,78060829.2
1626,1000000,4.761954,78.4729113,16.47914098,4761954,78472911.3
1627,1000000,4.796562,75.1002522,15.65710027,4796562,75100252.2
1628,1000000,4.896191,74.51125186,15.21820776,4896191,74511251.86
1629,1000000,4.973912,78.86821071,15.85637436,4973912,78868210.71
1630,1000000,4.959428,87.71873107,17.68726778,4959428,87718731.07
1631,1000000,4.926322,93.29575292,18.93821657,4926322,93295752.92
1632,1000000,4.989043,87.19716932,17.47773457,4989043,87197169.32
1633,1000000,5.114408,85.88525039,16.79280386,5114408,85885250.39
1634,1000000,5.176634,89.20927417,17.23306577,5176634,89209274.17
1635,1000000,5.199885,87.72173712,16.86993792,5199885,87721737.12
1636,1000000,5.089826,84.47009691,16.59587124,5089826,84470096.91
1637,1000000,5.19585,91.28966974,17.56972771,5195850,91289669.74
1638,1000000,5.163125,92.5662884,17.92834541,5163125,92566288.4
1639,1000000,5.207413,87.02318395,16.71140429,5207413,87023183.95
1640,1000000,5.20928,80.41108386,15.43612243,5209280,80411083.86
1641,1000000,5.130123,85.97902968,16.75964293,5130123,85979029.68
1642,1000000,5.192783,80.78066807,15.55633426,5192783,80780668.07
1643,1000000,5.268977,83.73926257,15.89288823,5268977,83739262.57
1644,1000000,5.217877,84.83551606,16.25862704,5217877,84835516.06
1645,1000000,5.247014,84.81007763,16.16349368,5247014,84810077.63
1646,1000000,5.23124,86.97532999,16.62614026,5231240,86975329.99
1647,1000000,5.315683,102.2611045,19.2376228,5315683,102261104.5
1648,1000000,5.309168,106.1534116,19.99435912,5309168,106153411.6
1649,1000000,5.315384,108.8184573,20.47236048,5315384,108818457.3
1650,1000000,5.312343,102.3181328,19.26045302,5312343,102318132.8
1651,1000000,5.307978,99.45208875,18.73634155,5307978,99452088.75
1652,1000000,5.391294,93.48223369,17.33947985,5391294,93482233.69
1653,1000000,5.385708,92.29220179,17.13650309,5385708,92292201.79
1654,1000000,5.313195,86.63509056,16.30564859,5313195,86635090.56
1655,1000000,5.397694,86.81916731,16.08449225,5397694,86819167.31
1656,1000000,5.390765,91.29966164,16.93630897,5390765,91299661.64
1657,1000000,5.394992,92.02842669,17.05812107,5394992,92028426.69
1658,1000000,5.320309,97.63433506,18.35125273,5320309,97634335.06
1659,1000000,5.266505,98.71331102,18.7436091,5266505,98713311.02
1660,1000000,5.245768,96.82091298,18.45695673,5245768,96820912.98
1661,1000000,5.279736,102.4238477,19.39942597,5279736,102423847.7
1662,1000000,5.204667,102.2820969,19.65199634,5204667,102282096.9
1663,1000000,5.169274,95.43500711,18.46197495,5169274,95435007.11
1664,1000000,5.244883,95.61159635,18.22950032,5244883,95611596.35
1665,1000000,5.184322,94.16228506,18.16289286,5184322,94162285.06
1666,1000000,5.229235,90.77297053,17.35874761,5229235,90772970.53
1667,1000000,5.106405,91.27641402,17.87488733,5106405,91276414.02
1668,1000000,5.205223,88.23640394,16.95151273,5205223,88236403.94
1669,1000000,5.20047,93.68494536,18.01470739,5200470,93684945.36
1670,1000000,5.193358,90.61805413,17.4488364,5193358,90618054.13
1671,1000000,5.158922,90.219616,17.48807522,5158922,90219616
1672,1000000,5.140882,91.40630485,17.78027678,5140882,91406304.85
1673,1000000,5.171863,95.09114954,18.3862468,5171863,95091149.54
1674,1000000,5.186973,99.03672318,19.09335622,5186973,99036723.18
1675,1000000,5.187052,96.68030767,18.63877742,5187052,96680307.67
1676,1000000,5.184564,88.52648131,17.07500984,5184564,88526481.31
1677,1000000,5.193061,92.53480499,17.8189328,5193061,92534804.99
1678,1000000,5.209648,92.1863673,17.69531594,5209648,92186367.3
1679,1000000,5.194269,93.41101137,17.9834759,5194269,93411011.37
1680,1000000,5.166785,91.21694337,17.65448792,5166785,91216943.37
1681,1000000,5.109031,95.51748763,18.69581289,5109031,95517487.63
1682,1000000,4.962352,94.97873638,19.13986279,4962352,94978736.38
1683,1000000,4.950841,93.15978527,18.81696166,4950841,93159785.27
1684,1000000,4.943877,94.53585699,19.12180602,4943877,94535856.99
1685,1000000,5.012077,97.69479638,19.49187859,5012077,97694796.38
1686,1000000,5.036096,90.85904822,18.04156399,5036096,90859048.22
1687,1000000,4.978729,87.94849649,17.6648491,4978729,87948496.49
1688,1000000,4.945834,86.60095732,17.50987949,4945834,86600957.32
1689,1000000,5.042935,88.80628143,17.61003888,5042935,88806281.43
1690,1000000,5.039295,86.59726445,17.18440069,5039295,86597264.45
1691,1000000,5.09375,86.25287805,16.93308035,5093750,86252878.05
1692,1000000,5.097574,92.44076983,18.13426736,5097574,92440769.83
1693,1000000,5.121314,98.26359401,19.18718399,5121314,98263594.01
1694,1000000,5.109576,98.26262384,19.23107198,5109576,98262623.84
1695,1000000,5.109708,95.88171263,18.76461681,5109708,95881712.63
1696,1000000,5.118433,102.4812545,20.02199785,5118433,102481254.5
1697,1000000,5.150015,106.3885402,20.6579088,5150015,106388540.2
1698,1000000,5.177316,108.9431127,21.04239199,5177316,108943112.7
1699,1000000,5.190149,102.1773612,19.68678764,5190149,102177361.2
1700,1000000,5.195805,100,19.24629581,5195805,100000000
1701,1000000,5.210622,108.9720582,20.91344531,5210622,108972058.2
1702,1000000,5.130944,106.1615803,20.6904578,5130944,106161580.3
1703,1000000,5.259007,99.35802266,18.89292459,5259007,99358022.66
1704,1000000,5.258024,118.2859008,22.49626491,5258024,118285900.8
1705,1000000,5.243873,112.2678415,21.40933648,5243873,112267841.5
1706,1000000,5.333593,95.07338452,17.82539172,5333593,95073384.52
1707,1000000,5.324293,106.8142752,20.06168241,5324293,106814275.2
1708,1000000,5.315379,113.6947066,21.38976479,5315379,113694706.6
1709,1000000,5.309902,98.49776695,18.54982765,5309902,98497766.95
1710,1000000,5.38987,89.55051025,16.61459558,5389870,89550510.25
1711,1000000,5.382325,97.63901431,18.14067607,5382325,97639014.31
1712,1000000,5.313727,97.54912173,18.35794758,5313727,97549121.73
1713,1000000,5.310003,93.36167833,17.58222704,5310003,93361678.33
1714,1000000,5.393804,102.6985198,19.04009115,5393804,102698519.8
1715,1000000,5.39773,99.81647015,18.49230513,5397730,99816470.15
1716,1000000,5.428306,103.5923688,19.08373787,5428306,103592368.8
1717,1000000,5.437161,109.4329725,20.12685894,5437161,109432972.5
1718,1000000,5.491429,115.6128211,21.05332166,5491429,115612821.1
1719,1000000,5.530415,113.5760412,20.5366218,5530415,113576041.2
1720,1000000,5.510036,120.8202146,21.92730041,5510036,120820214.6
1721,1000000,5.502742,116.1067618,21.09980111,5502742,116106761.8
1722,1000000,5.505718,117.3449797,21.31329278,5505718,117344979.7
1723,1000000,5.523184,114.526123,20.73552556,5523184,114526123
1724,1000000,5.540007,113.3827007,20.4661656,5540007,113382700.7
1725,1000000,5.55845,116.3408066,20.93044043,5558450,116340806.6
1726,1000000,5.602227,112.7495075,20.125837,5602227,112749507.5
1727,1000000,5.628489,112.065401,19.91038821,5628489,112065401
1728,1000000,5.577742,115.4849894,20.70461298,5577742,115484989.4
1729,1000000,5.478467,109.0670664,19.90831859,5478467,109067066.4
1730,1000000,5.420676,111.5634358,20.5810928,5420676,111563435.8
1731,1000000,5.414321,109.7911122,20.27790968,5414321,109791112.2
1732,1000000,5.394668,117.0857413,21.70397535,5394668,117085741.3
1733,1000000,5.437529,119.6815097,22.01027521,5437529,119681509.7
1734,1000000,5.515446,119.2492864,21.62096889,5515446,119249286.4
1735,1000000,5.561308,116.4201944,20.93395914,5561308,116420194.4
1736,1000000,5.598932,125.0737508,22.3388587,5598932,125073750.8
1737,1000000,5.629101,118.3750176,21.02911594,5629101,118375017.6
1738,1000000,5.652216,120.5864655,21.33436964,5652216,120586465.5
1739,1000000,5.684087,119.7807412,21.07299575,5684087,119780741.2
1740,1000000,5.711806,117.7684776,20.61843094,5711806,117768477.6
1741,1000000,5.723207,121.2072233,21.17820014,5723207,121207223.3
1742,1000000,5.664217,123.9977508,21.89141955,5664217,123997750.8
1743,1000000,5.660026,121.0814536,21.3923847,5660026,121081453.6
1744,1000000,5.695178,119.3889922,20.96317134,5695178,119388992.2
1745,1000000,5.750497,121.1478821,21.06737594,5750497,121147882.1
1746,1000000,5.781808,124.9536594,21.61152004,5781808,124953659.4
1747,1000000,5.805091,130.647465,22.50567045,5805091,130647465
1748,1000000,5.816618,129.2496497,22.22075607,5816618,129249649.7
1749,1000000,5.851017,128.4829009,21.95907154,5851017,128482900.9
1750,1000000,5.888264,130.3452316,22.13644489,5888264,130345231.6
1751,1000000,5.921907,127.5250938,21.53446412,5921907,127525093.8
1752,1000000,5.960981,133.8060048,22.44697723,5960981,133806004.8
1753,1000000,6.007521,134.9934981,22.47074926,6007521,134993498.1
1754,1000000,6.052434,131.2112573,21.67908932,6052434,131211257.3
1755,1000000,6.096763,135.1881992,22.17376651,6096763,135188199.2
1756,1000000,6.148555,132.8978905,21.61449161,6148555,132897890.5
1757,1000000,6.177649,140.5526281,22.75179896,6177649,140552628.1
1758,1000000,6.196146,142.5077301,22.99941448,6196146,142507730.1
1759,1000000,6.221833,144.762071,23.26678826,6221833,144762071
1760,1000000,6.262599,148.9689049,23.78707385,6262599,148968904.9
1761,1000000,6.310339,154.8988478,24.54683461,6310339,154898847.8
1762,1000000,6.338572,150.5900996,23.75773276,6338572,150590099.6
1763,1000000,6.326856,150.0956572,23.72357728,6326856,150095657.2
1764,1000000,6.361342,150.031835,23.58493459,6361342,150031835
1765,1000000,6.415198,148.8153465,23.19731152,6415198,148815346.5
1766,1000000,6.448732,150.8033532,23.38496207,6448732,150803353.2
1767,1000000,6.46703,151.8420228,23.47940597,6467030,151842022.8
1768,1000000,6.486827,153.240553,23.62334512,6486827,153240553
1769,1000000,6.530999,161.9000438,24.78947613,6530999,161900043.8
1770,1000000,6.579743,157.4765226,23.93353701,6579743,157476522.6
1771,1000000,6.623359,160.4183952,24.22009667,6623359,160418395.2
1772,1000000,6.673919,156.3205131,23.4225967,6673919,156320513.1
1773,1000000,6.726828,159.1077391,23.65271405,6726828,159107739.1
1774,1000000,6.775929,155.5684573,22.95898575,6775929,155568457.3
1775,1000000,6.847947,160.5388248,23.44335095,6847947,160538824.8
1776,1000000,6.913474,165.7387643,23.97329683,6913474,165738764.3
1777,1000000,6.979029,170.5332069,24.43509074,6979029,170533206.9
1778,1000000,7.050435,169.3437872,24.01891332,7050435,169343787.2
1779,1000000,7.116142,168.8802637,23.73199744,7116142,168880263.7
1780,1000000,7.15476,176.5957444,24.68227367,7154760,176595744.4
1781,1000000,7.206139,181.626516,25.20441473,7206139,181626516
1782,1000000,7.230818,179.8169332,24.86813154,7230818,179816933.2
1783,1000000,7.284,178.8913667,24.5594957,7284000,178891366.7
1784,1000000,7.300587,179.5971151,24.60036639,7300587,179597115.1
1785,1000000,7.367578,178.3454498,24.20679494,7367578,178345449.8
1786,1000000,7.433688,181.4650292,24.41117104,7433688,181465029.2
1787,1000000,7.508406,178.4440901,23.76590851,7508406,178444090.1
1788,1000000,7.59159,178.0353814,23.4516592,7591590,178035381.4
1789,1000000,7.665834,182.0198623,23.74430001,7665834,182019862.3
1790,1000000,7.762101,195.8340907,25.22952107,7762101,195834090.7
1791,1000000,7.845678,196.6729956,25.06768639,7845678,196672995.6
1792,1000000,7.937411,204.5767046,25.7737321,7937411,204576704.6
1793,1000000,8.022417,201.259414,25.08712947,8022417,201259414
1794,1000000,8.100998,194.7458321,24.03973338,8100998,194745832.1
1795,1000000,8.169106,215.8988232,26.4286965,8169106,215898823.2
1796,1000000,8.256325,219.7732922,26.61877921,8256325,219773292.2
1797,1000000,8.33374,218.1781603,26.18010165,8333740,218178160.3
1798,1000000,8.435048,220.2751362,26.11427181,8435048,220275136.2
1799,1000000,8.52574,226.0642425,26.51549806,8525740,226064242.5
1800,1000000,8.619513,237.0825865,27.5053343,8619513,237082586.5
1801,1000000,8.671439,239.2140007,27.58642489,8671439,239214000.7
1802,1000000,8.730845,241.9317713,27.71000646,8730845,241931771.3
1803,1000000,8.831874,236.8104523,26.81316018,8831874,236810452.3
1804,1000000,8.945472,236.5656701,26.4452977,8945472,236565670.1
1805,1000000,9.092471,250.9320721,27.59778636,9092471,250932072.1
1806,1000000,9.232495,249.9340585,27.07112849,9232495,249934058.5
1807,1000000,9.367758,266.2691407,28.42399865,9367758,266269140.7
1808,1000000,9.49847,253.800756,26.72017241,9498470,253800756
1809,1000000,9.623669,261.7585515,27.19945496,9623669,261758551.5
1810,1000000,9.737937,278.6249485,28.61231784,9737937,278624948.5
1811,1000000,9.863959,275.697775,27.95001226,9863959,275697775
1812,1000000,9.988059,264.3005861,26.46165648,9988059,264300586.1
1813,1000000,10.14077,278.670646,27.48022547,10140770,278670646
1814,1000000,10.27405,272.4764566,26.52084199,10274050,272476456.6
1815,1000000,10.45806,301.6337161,28.84222467,10458060,301633716.1
1816,1000000,10.62838,285.790795,26.88940318,10628380,285790795
1817,1000000,10.80177,290.5868962,26.90178519,10801770,290586896.2
1818,1000000,10.95725,290.2786129,26.49192205,10957250,290278612.9
1819,1000000,11.12151,285.4773034,25.66893375,11121510,285477303.4
1820,1000000,11.26775,308.6968792,27.39649701,11267750,308696879.2
1821,1000000,11.45681,313.9914144,27.40653065,11456810,313991414.4
1822,1000000,11.65227,320.0990037,27.47095662,11652270,320099003.7
1823,1000000,11.83911,329.5776745,27.8380448,11839110,329577674.5
1824,1000000,12.01661,347.7044158,28.93531668,12016610,347704415.8
1825,1000000,12.20769,355.5679093,29.12655132,12207690,355567909.3
1826,1000000,12.37375,336.5236125,27.1965744,12373750,336523612.5
1827,1000000,12.52784,362.4996211,28.93552449,12527840,362499621.1
1828,1000000,12.72769,363.614178,28.56874877,12727690,363614178
1829,1000000,12.90303,366.6994727,28.4196404,12903030,366699472.7
1830,1000000,13.07414,383.1666549,29.30721676,13074140,383166654.9
1831,1000000,13.25405,387.791524,29.25834172,13254050,387791524
1832,1000000,13.39434,399.8494803,29.85212263,13394340,399849480.3
1833,1000000,13.56508,402.8986037,29.70115943,13565080,402898603.7
1834,1000000,13.76037,412.6680921,29.98960726,13760370,412668092.1
1835,1000000,13.92132,443.6730657,31.8700429,13921320,443673065.7
1836,1000000,14.09952,458.4954997,32.51851834,14099520,458495499.7
1837,1000000,14.26131,454.3363898,31.85797026,14261310,454336389.8
1838,1000000,14.416,472.2374207,32.75786769,14416000,472237420.7
1839,1000000,14.59444,469.1876614,32.148384,14594440,469187661.4
1840,1000000,14.76938,492.2897966,33.33178485,14769380,492289796.6
1841,1000000,14.93671,482.7758347,32.32143054,14936710,482775834.7
1842,1000000,15.13047,478.0592792,31.59579836,15130470,478059279.2
1843,1000000,15.31042,501.9039658,32.78185483,15310420,501903965.8
1844,1000000,15.50821,546.0723112,35.21182079,15508210,546072311.2
1845,1000000,15.69148,571.1041016,36.39580853,15691480,571104101.6
1846,1000000,15.91002,571.050676,35.8925178,15910020,571050676
1847,1000000,16.03783,564.4329936,35.19385064,16037830,564432993.6
1848,1000000,16.16532,588.068607,36.37840804,16165320,588068607
1849,1000000,16.35821,603.2259549,36.87603686,16358210,603225954.9
1850,1000000,16.50609,597.7512702,36.21398346,16506090,597751270.2
1851,1000000,16.736084,624.7109991,37.32719071,16736084,624710999.1
1852,1000000,16.952384,652.482528,38.48913097,16952384,652482528
1853,1000000,17.144592,675.2302435,39.38444517,17144592,675230243.5
1854,1000000,17.352736,707.8685625,40.79290796,17352736,707868562.5
1855,1000000,17.516176,691.939211,39.50286929,17516176,691939211
1856,1000000,17.76392,738.2178081,41.5571455,17763920,738217808.1
1857,1000000,18.015056,746.905777,41.46008633,18015056,746905777
1858,1000000,18.2268,733.514037,40.2437091,18226800,733514037
1859,1000000,18.44232,764.1730155,41.43583971,18442320,764173015.5
1860,1000000,18.682352,780.3596926,41.7698849,18682352,780359692.6
1861,1000000,18.937536,778.5408701,41.1109909,18937536,778540870.1
1862,1000000,19.197408,747.3467695,38.9295664,19197408,747346769.5
1863,1000000,19.453744,819.8152793,42.1417738,19453744,819815279.3
1864,1000000,19.689072,844.3402871,42.88370153,19689072,844340287.1
1865,1000000,19.930656,867.0877196,43.5052273,19930656,867087719.6
1866,1000000,20.166624,896.9920515,44.47903881,20166624,896992051.5
1867,1000000,20.426416,903.3858677,44.22635218,20426416,903385867.7
1868,1000000,20.72496,950.0463845,45.84068604,20724960,950046384.5
1869,1000000,20.97896,961.2019979,45.81742841,20978960,961201997.9
1870,1000000,21.239824,1006.585918,47.39144345,21239824,1006585918